spline points,lon,lat
0,-0.1389349,-0.74072444
1,-0.13055083,-0.7411594
2,-0.121959165,-0.7417835
3,-0.11316519,-0.74259186
4,-0.104174234,-0.74357957
5,-0.09499161,-0.7447416
6,-0.08562261,-0.74607325
7,-0.07607257,-0.7475694
8,-0.066346794,-0.7492252
9,-0.056450605,-0.7510358
10,-0.046389297,-0.7529962
11,-0.036168188,-0.7551015
12,-0.025792606,-0.7573468
13,-0.015267856,-0.7597272
14,-0.0045992285,-0.7622377
15,0.006207913,-0.7648735
16,0.017148316,-0.7676297
17,0.02821663,-0.7705012
18,0.039407536,-0.7734832
19,0.05071576,-0.7765708
20,0.06213592,-0.77975905
21,0.0736628,-0.7830431
22,0.08529101,-0.7864179
23,0.09701526,-0.78987867
24,0.10883026,-0.79342043
25,0.12073065,-0.79703826
26,0.13271116,-0.8007272
27,0.14476644,-0.80448246
28,0.15689124,-0.808299
29,0.16908015,-0.81217194
30,0.18132792,-0.8160964
31,0.19362928,-0.82006747
32,0.2059788,-0.8240801
33,0.21837129,-0.8281296
34,0.23080136,-0.83221084
35,0.24326368,-0.836319
36,0.25575304,-0.8404492
37,0.26826406,-0.84459645
38,0.2807914,-0.84875584
39,0.29332972,-0.8529225
40,0.30587387,-0.8570915
41,0.31841832,-0.8612579
42,0.33095795,-0.86541677
43,0.34348732,-0.8695632
44,0.3560012,-0.8736924
45,0.3684942,-0.8777993
46,0.38096106,-0.881879
47,0.39339656,-0.88592654
48,0.4057951,-0.88993716
49,0.41815168,-0.8939058
50,0.43046075,-0.8978277
51,0.4427172,-0.90169775
52,0.45491558,-0.90551114
53,0.46705055,-0.90926296
54,0.47911704,-0.9129483
55,0.49110943,-0.9165622
56,0.5030225,-0.92009974
57,0.5148511,-0.9235561
58,0.5265897,-0.9269262
59,0.53823304,-0.9302052
60,0.5497759,-0.93338823
61,0.5612129,-0.9364704
62,0.5725388,-0.9394466
63,0.5837481,-0.9423121
64,0.59483576,-0.945062
65,0.6057962,-0.9476912
66,0.6166243,-0.95019495
67,0.62731475,-0.9525683
68,0.6378621,-0.95480627
69,0.648261,-0.956904
70,0.6585064,-0.9588565
71,0.6685927,-0.960659
72,0.6785147,-0.96230644
73,0.68826723,-0.963794
74,0.69784474,-0.9651167
75,0.7072421,-0.9662696
76,0.71645373,-0.96724784
77,0.72547466,-0.96804655
78,0.7342995,-0.9686607
79,0.7429228,-0.96908545
80,0.75133926,-0.9693158
81,0.75954354,-0.969347
82,0.7675306,-0.9691739
83,0.7752948,-0.96879184
84,0.782831,-0.96819574
85,0.79013383,-0.96738064
86,0.797198,-0.9663418
87,0.80401814,-0.9650741
88,0.8105891,-0.9635728
89,0.8169053,-0.9618329
90,0.8229616,-0.9598495
91,0.8287529,-0.95761764
92,0.8342734,-0.9551325
93,0.83951813,-0.952389
94,0.8444817,-0.9493824
95,0.8491587,-0.94610775
96,0.853544,-0.94256
97,0.8576323,-0.9387344
98,0.86141795,-0.9346259
99,0.8648959,-0.93022966
100,0.8680608,-0.9255409
101,0.8709596,-0.92054385
102,0.87364405,-0.9152301
103,0.87611645,-0.9096054
104,0.87837917,-0.9036753
105,0.8804343,-0.89744556
106,0.88228416,-0.8909218
107,0.88393104,-0.8841096
108,0.88537717,-0.8770148
109,0.8866248,-0.8696429
110,0.8876763,-0.8619997
111,0.8885337,-0.8540907
112,0.8891995,-0.84592164
113,0.8896758,-0.8374981
114,0.88996494,-0.8288259
115,0.8900691,-0.8199106
116,0.8899906,-0.8107578
117,0.88973176,-0.80137324
118,0.8892947,-0.7917626
119,0.88868177,-0.7819315
120,0.88789517,-0.7718856
121,0.8869372,-0.76163054
122,0.8858101,-0.75117195
123,0.8845162,-0.7405156
124,0.8830576,-0.729667
125,0.8814367,-0.7186319
126,0.8796557,-0.70741606
127,0.8777169,-0.6960249
128,0.8756225,-0.6844642
129,0.8733748,-0.67273974
130,0.87097603,-0.66085696
131,0.86842847,-0.6488216
132,0.8657344,-0.6366395
133,0.862896,-0.624316
134,0.8599157,-0.61185694
135,0.85679555,-0.59926796
136,0.8535379,-0.5865547
137,0.850145,-0.57372284
138,0.8466191,-0.560778
139,0.84296256,-0.5477259
140,0.8391775,-0.5345722
141,0.8352662,-0.5213225
142,0.831231,-0.50798243
143,0.82707405,-0.49455774
144,0.8227977,-0.48105398
145,0.8184042,-0.46747693
146,0.81389576,-0.4538322
147,0.8092747,-0.4401254
148,0.80454314,-0.4263623
149,0.79970354,-0.41254848
150,0.794758,-0.3986895
151,0.78970885,-0.38479125
152,0.78455836,-0.3708592
153,0.77930874,-0.35689914
154,0.77396226,-0.3429165
155,0.7685212,-0.3289172
156,0.76298785,-0.31490684
157,0.7573644,-0.30089086
158,0.75165313,-0.2868753
159,0.7458563,-0.2728656
160,0.73997617,-0.25886732
161,0.734015,-0.24488634
162,0.72797513,-0.23092812
163,0.7218586,-0.21699846
164,0.71566796,-0.20310289
165,0.7094052,-0.18924725
166,0.7030727,-0.17543703
167,0.69667274,-0.1616779
168,0.6902076,-0.14797562
169,0.68367946,-0.13433576
170,0.6770905,-0.12076396
171,0.67044324,-0.10726595
172,0.66373974,-0.09384751
173,0.6569823,-0.080514014
174,0.6501732,-0.06727141
175,0.6433146,-0.05412507
176,0.6364089,-0.041080832
177,0.6294583,-0.02814436
178,0.6224651,-0.015321255
179,0.6154314,-0.0026171207
180,0.6083597,0.009962261
181,0.6012521,0.022411168
182,0.59411085,0.034724236
183,0.58693826,0.046895623
184,0.5797366,0.05891961
185,0.5725081,0.07079065
186,0.56525505,0.08250308
187,0.5579797,0.09405112
188,0.5506842,0.10542917
189,0.54337096,0.11663163
190,0.5360422,0.12765288
191,0.5287001,0.13848722
192,0.521347,0.14912891
193,0.51398516,0.15957236
194,0.5066168,0.16981184
195,0.49924415,0.17984176
196,0.4918696,0.1896565
197,0.48449522,0.19925034
198,0.47712347,0.20861757
199,0.46975648,0.2177527
200,0.46239662,0.22664998
201,0.45493168,0.23548514
202,0.44725132,0.2444343
203,0.4393601,0.25349224
204,0.43126276,0.26265377
205,0.42296383,0.27191362
206,0.41446793,0.28126663
207,0.40577975,0.2907075
208,0.39690384,0.30023104
209,0.3878449,0.30983204
210,0.37860745,0.31950524
211,0.3691962,0.32924545
212,0.35961574,0.33904743
213,0.34987068,0.34890598
214,0.33996567,0.35881582
215,0.32990533,0.36877176
216,0.31969422,0.3787686
217,0.30933705,0.38880107
218,0.29883838,0.39886397
219,0.28820288,0.40895206
220,0.27743515,0.4190601
221,0.26653978,0.42918295
222,0.25552145,0.43931526
223,0.24438475,0.44945192
224,0.2331343,0.45958763
225,0.22177473,0.46971723
226,0.21031067,0.4798354
227,0.19874674,0.489937
228,0.1870875,0.5000168
229,0.1753377,0.51006955
230,0.16350186,0.52009004
231,0.1515846,0.530073
232,0.13959062,0.54001325
233,0.1275245,0.54990554
234,0.11539081,0.5597447
235,0.10319424,0.5695255
236,0.09093943,0.5792426
237,0.078630894,0.58889085
238,0.06627339,0.5984651
239,0.053871453,0.60796
240,0.04142973,0.6173704
241,0.028952867,0.6266911
242,0.016445398,0.6359168
243,0.0039120913,0.6450423
244,-0.008642644,0.65406245
245,-0.021213979,0.6629719
246,-0.033797324,0.6717655
247,-0.04638815,0.680438
248,-0.058981836,0.6889842
249,-0.071573615,0.6973989
250,-0.08415902,0.7056768
251,-0.09673339,0.7138127
252,-0.10929197,0.7218014
253,-0.121830404,0.7296377
254,-0.13434386,0.7373163
255,-0.14682776,0.74483204
256,-0.1592775,0.7521797
257,-0.17168844,0.759354
258,-0.18405598,0.7663497
259,-0.19637549,0.7731616
260,-0.2086423,0.77978456
261,-0.2208519,0.7862133
262,-0.23299956,0.7924425
263,-0.24508065,0.79846704
264,-0.2570907,0.8042817
265,-0.2690249,0.8098812
266,-0.28087872,0.8152604
267,-0.2926476,0.820414
268,-0.30432677,0.8253368
269,-0.3159117,0.8300236
270,-0.32739788,0.8344691
271,-0.33878046,0.8386681
272,-0.35005492,0.8426155
273,-0.3612166,0.84630585
274,-0.37226093,0.8497341
275,-0.38318324,0.852895
276,-0.393979,0.8557833
277,-0.40464348,0.8583937
278,-0.41517222,0.8607211
279,-0.42556047,0.86276025
280,-0.43580353,0.86450595
281,-0.44589692,0.86595285
282,-0.45583594,0.86709577
283,-0.465616,0.8679296
284,-0.47523254,0.86844903
285,-0.48468077,0.86864877
286,-0.4939562,0.8685237
287,-0.5030542,0.8680686
288,-0.51197004,0.86727816
289,-0.5206992,0.8661472
290,-0.52923715,0.86467046
291,-0.5375792,0.8628428
292,-0.54572046,0.860659
293,-0.5536567,0.8581137
294,-0.561383,0.8552018
295,-0.5688951,0.851918
296,-0.57618797,0.8482571
297,-0.5832572,0.8442139
298,-0.59009814,0.8397832
299,-0.5967063,0.8349597
300,-0.6030766,0.829738
301,-0.60928035,0.8239986
302,-0.6153914,0.8176328
303,-0.62140983,0.810653
304,-0.6273359,0.8030715
305,-0.63316965,0.79490054
306,-0.63891125,0.7861524
307,-0.6445609,0.77683944
308,-0.65011865,0.7669739
309,-0.6555847,0.756568
310,-0.6609592,0.74563414
311,-0.66624224,0.73418456
312,-0.671434,0.7222315
313,-0.67653465,0.7097873
314,-0.68154424,0.69686425
315,-0.68646306,0.68347454
316,-0.6912911,0.6696306
317,-0.6960286,0.6553446
318,-0.70067567,0.64062893
319,-0.70523244,0.6254958
320,-0.7096991,0.60995746
321,-0.71407574,0.5940263
322,-0.7183625,0.57771456
323,-0.7225596,0.56103456
324,-0.7266671,0.5439985
325,-0.7306852,0.5266186
326,-0.734614,0.50890744
327,-0.7384536,0.490877
328,-0.7422043,0.47253972
329,-0.7458661,0.45390785
330,-0.74943924,0.43499374
331,-0.7529237,0.41580954
332,-0.7563199,0.39636764
333,-0.7596277,0.37668034
334,-0.76284736,0.3567598
335,-0.76597905,0.33661842
336,-0.76902294,0.3162685
337,-0.77197903,0.2957222
338,-0.7748476,0.27499193
339,-0.7776287,0.25408995
340,-0.78032255,0.23302853
341,-0.7829293,0.21181983
342,-0.785449,0.19047642
343,-0.7878819,0.16901034
344,-0.79022807,0.14743406
345,-0.7924876,0.12575954
346,-0.7946608,0.103999615
347,-0.7967477,0.082166016
348,-0.79874843,0.060271323
349,-0.8006632,0.038327634
350,-0.80249214,0.016347528
351,-0.8042353,-0.005656898
352,-0.80589294,-0.027673364
353,-0.80746514,-0.04968959
354,-0.8089521,-0.07169348
355,-0.8103539,-0.0936721
356,-0.81167066,-0.11561394
357,-0.8129026,-0.13750613
358,-0.81404984,-0.1593368
359,-0.81511253,-0.18109322
360,-0.81609076,-0.20276356
361,-0.8169848,-0.22433543
362,-0.81779456,-0.2457962
363,-0.8185204,-0.26713395
364,-0.8191624,-0.2883364
365,-0.8197207,-0.30939114
366,-0.82019544,-0.3302858
367,-0.8205867,-0.3510083
368,-0.8208947,-0.37154615
369,-0.8211196,-0.3918872
370,-0.8212615,-0.41201913
371,-0.82132053,-0.4319296
372,-0.8212969,-0.4516064
373,-0.8211907,-0.47103727
374,-0.821002,-0.4902097
375,-0.8207311,-0.50911164
376,-0.82037807,-0.5277308
377,-0.819943,-0.54605496
378,-0.81942606,-0.56407154
379,-0.81882745,-0.5817684
380,-0.8181473,-0.5991334
381,-0.81738573,-0.61615396
382,-0.81654286,-0.6328181
383,-0.8156189,-0.6491134
384,-0.8146139,-0.6650276
385,-0.813528,-0.6805482
386,-0.8123615,-0.69566333
387,-0.8111144,-0.7103603
388,-0.80978686,-0.72462714
389,-0.80837905,-0.73845136
390,-0.8068911,-0.7518207
391,-0.8053232,-0.76472294
392,-0.8036754,-0.77714574
393,-0.80194795,-0.7890768
394,-0.8001409,-0.8005041
395,-0.7982545,-0.81141496
396,-0.7962887,-0.82179725
397,-0.7942439,-0.8316387
398,-0.79212,-0.8409271
399,-0.78991735,-0.84965026
400,-0.78763586,-0.8577951
401,-0.78525,-0.86545295
402,-0.7827347,-0.87272596
403,-0.78009146,-0.8796205
404,-0.77732164,-0.8861429
405,-0.7744267,-0.8922995
406,-0.7714081,-0.8980965
407,-0.7682672,-0.9035404
408,-0.76500547,-0.9086374
409,-0.7616243,-0.9133938
410,-0.7581251,-0.917816
411,-0.7545094,-0.9219103
412,-0.7507785,-0.92568296
413,-0.7469339,-0.9291404
414,-0.74297696,-0.9322889
415,-0.7389092,-0.93513465
416,-0.734732,-0.9376842
417,-0.7304467,-0.9399437
418,-0.72605485,-0.9419195
419,-0.72155786,-0.943618
420,-0.71695703,-0.9450454
421,-0.7122539,-0.9462081
422,-0.7074499,-0.94711244
423,-0.7025465,-0.9477647
424,-0.69754493,-0.94817114
425,-0.69244677,-0.94833815
426,-0.6872534,-0.94827205
427,-0.6819663,-0.94797915
428,-0.6765868,-0.9474658
429,-0.6711164,-0.94673824
430,-0.6655565,-0.9458028
431,-0.65990853,-0.9446659
432,-0.65417385,-0.9433338
433,-0.64835405,-0.94181275
434,-0.64245033,-0.9401092
435,-0.63646436,-0.9382294
436,-0.6303973,-0.93617964
437,-0.6242508,-0.9339663
438,-0.6180262,-0.93159556
439,-0.6117249,-0.929074
440,-0.6053484,-0.92640775
441,-0.59889805,-0.9236031
442,-0.5923753,-0.9206665
443,-0.5857815,-0.9176042
444,-0.5791182,-0.9144225
445,-0.57238674,-0.9111278
446,-0.56558865,-0.90772635
447,-0.55872524,-0.90422446
448,-0.551798,-0.90062845
449,-0.54480827,-0.8969447
450,-0.5377576,-0.89317954
451,-0.53064734,-0.88933915
452,-0.52347887,-0.88543004
453,-0.51625377,-0.8814584
454,-0.5089733,-0.87743056
455,-0.50163895,-0.8733529
456,-0.49425218,-0.86923164
457,-0.48681432,-0.8650732
458,-0.47932693,-0.8608839
459,-0.47179136,-0.8566699
460,-0.46420902,-0.85243773
461,-0.45658132,-0.84819365
462,-0.4489098,-0.8439439
463,-0.44119576,-0.83969486
464,-0.43344063,-0.8354528
465,-0.4256459,-0.8312242
466,-0.41781294,-0.8270151
467,-0.4099432,-0.822832
468,-0.4020381,-0.8186813
469,-0.3940991,-0.8145691
470,-0.38612756,-0.8105019
471,-0.37812495,-0.80648595
472,-0.37009272,-0.8025275
473,-0.36203223,-0.79863304
474,-0.353945,-0.79480875
475,-0.34583232,-0.791061
476,-0.33769575,-0.7873961
477,-0.32953662,-0.78382033
478,-0.32135633,-0.7803402
479,-0.3131564,-0.7769616
480,-0.30493817,-0.7736914
481,-0.29670316,-0.7705355
482,-0.28845277,-0.7675004
483,-0.28018832,-0.7645924
484,-0.27191132,-0.7618178
485,-0.26362324,-0.75918293
486,-0.25532544,-0.7566941
487,-0.24701935,-0.7543577
488,-0.23870641,-0.7521799
489,-0.2303881,-0.75016713
490,-0.22206569,-0.74832577
491,-0.2137407,-0.7466619
492,-0.2054146,-0.74518204
493,-0.19708878,-0.7438925
494,-0.18876457,-0.7427995
495,-0.18044358,-0.7419095
496,-0.17212707,-0.7412287
497,-0.16381651,-0.7407635
498,-0.1555134,-0.7405201
499,-0.14721906,-0.7405049
